{
    "0": {
        "biases": [
            [
                0.11704487163725756,
                0.06336272453382864,
                0.056001094248333806,
                -0.033654203843268865,
                0.02577614446212538,
                -0.012514736193076043,
                0.33986063888730833,
                0.02841505008666332,
                0.0444854763983252,
                0.04146631324096055,
                -0.005439537482289091,
                0.022861973487188537,
                0.15173546540822763,
                0.09538587253865002,
                0.06504590293283849,
                0.04196725948527316
            ]
        ],
        "weights": [
            [
                -0.4274110551700566,
                0.8232039015465209,
                0.23689473642280712,
                0.37829921073226846,
                -0.5036900700199157,
                -0.05746395783395076,
                -0.6756928762584601,
                0.07021473215908038,
                0.16380287947487834,
                -0.7291738565741875,
                -0.004717284044920902,
                -0.15793412088074268,
                -0.35393582772848103,
                0.34975573692024986,
                -0.09271251905516732,
                -0.04282319768067978
            ],
            [
                -0.36236071824374744,
                0.03192148453931472,
                -0.4656627499958234,
                -0.11403208495652457,
                0.15946975475094505,
                0.08315307574850711,
                0.32178872973371686,
                0.1301757944436413,
                -0.3359698238929816,
                0.10173379966701995,
                0.002889365388860673,
                0.3118535175223621,
                -0.3708912411519986,
                -0.7068517620418132,
                0.9795162769897703,
                0.6734776472694741
            ]
        ]
    },
    "1": {
        "biases": [
            [
                -0.03187080097488795,
                0.029436495403130696,
                -0.03562917215777405,
                -0.08019219721130827,
                -0.015036469994415144,
                0.04411527579413327,
                0.835091489095093,
                0.25910064981773545
            ]
        ],
        "weights": [
            [
                0.042212586137195945,
                -0.10268096488374803,
                -0.018123193225950802,
                -0.2299940081019898,
                0.46201155646520103,
                0.1401662918002892,
                0.43211035658200825,
                0.07834160835733328
            ],
            [
                0.20223465725196127,
                -0.06937153772564399,
                0.10847549564048149,
                -0.10919922171986055,
                -0.6564237031904105,
                0.08387697391454332,
                0.23008870913046062,
                0.18674325462692704
            ],
            [
                0.2382504374974069,
                -0.14294191458190633,
                -0.0055721659399780065,
                0.08713982265137574,
                -0.07647588961586407,
                0.12563173005300748,
                0.22577618728746726,
                0.20613957331430927
            ],
            [
                -0.11725847190993377,
                -0.14565014726402956,
                0.015555313235660525,
                0.09523687153509706,
                -0.03363690930077428,
                -0.0015496428633048744,
                -0.1906349546487134,
                -0.23323731838464415
            ],
            [
                -0.12285445617144838,
                -0.014822774166203067,
                -0.21698659860530214,
                0.08911974420399417,
                -0.09465447690551118,
                -0.04675854468608088,
                -0.29778037011209113,
                -0.2218261722727831
            ],
            [
                0.07881844245317704,
                0.10220515110717607,
                -0.0986642679357871,
                -0.13447226138692994,
                0.015006280676735788,
                0.062230735621055355,
                0.01508710902295302,
                0.14109510233862416
            ],
            [
                0.23346436447396163,
                0.24031831261091416,
                0.12145674652500607,
                -0.1162409652110008,
                0.4025224408781881,
                -0.2711656231689588,
                0.3850834778142058,
                0.5048147025869708
            ],
            [
                -0.09337085773807487,
                0.016875737462718032,
                0.23860801323364297,
                0.04258029241852203,
                0.04618639492136103,
                0.17248218904685178,
                -0.04459714511513352,
                -0.07534161124402049
            ],
            [
                0.16006296115512697,
                0.019989155716500534,
                0.10851815933868274,
                -0.14948838328435418,
                -0.009092994603951141,
                0.11208812532663864,
                0.18514527856534593,
                0.1029563523304345
            ],
            [
                -0.32082122466999957,
                -0.08339317248640514,
                -0.18607858395708535,
                -0.10884268574983313,
                0.022527207197376227,
                -0.12945503227837127,
                -0.3754002186847876,
                -0.31645484669676355
            ],
            [
                0.09286160609111198,
                -0.08259268147604527,
                0.08142996890256961,
                0.04122219848598941,
                -0.06600364272724653,
                -0.11061424747139174,
                0.009466177467773762,
                -0.003964171667406379
            ],
            [
                -0.06740464366899854,
                -0.09621450500562732,
                -0.07830015990932238,
                0.05404082546233664,
                -0.1719220227483563,
                -0.07377820410906613,
                -0.2405551693546826,
                -0.02592259056052717
            ],
            [
                0.13063315966525693,
                -0.14262127314967932,
                0.12763345234748882,
                0.06648614016619693,
                0.4911003395924878,
                0.2901679821243245,
                0.1344310416000066,
                0.12103104340208745
            ],
            [
                0.25072407639906136,
                0.08249808590343213,
                0.2629262677485148,
                -0.0968728329731523,
                -0.022564272554657226,
                0.24656481109632744,
                0.2533681637140922,
                0.4951322262306476
            ],
            [
                -0.12055766638865201,
                -0.3568676808459532,
                -0.05275463286436659,
                -0.020627769803208237,
                -0.46626245160307517,
                0.1500511772406901,
                -0.5720354946979264,
                -0.20294255304462208
            ],
            [
                -0.11703943723322474,
                -0.06581393268923419,
                0.1303998929606981,
                0.16793492116156244,
                -0.3434792422288473,
                0.06468476096560932,
                -0.33316263675317925,
                -0.33075535470655903
            ]
        ]
    },