{
    "0": {
        "biases": [
            [
                -0.2533854176333816,
                -2.6413901706194887,
                -1.9221545664222384,
                -0.842505662384271,
                0.66324346747618,
                -1.7321952712994861,
                -0.2051790960731442,
                -0.41717434284461063,
                -0.6489993286883862,
                -2.0008836768013483,
                -0.005439537482289093,
                -0.3184486133136691,
                -1.3252092716914559,
                -1.8057807035862417,
                -2.1413959555594637,
                -1.7965100542222225
            ]
        ],
        "weights": [
            [
                -0.24258855692899844,
                6.379094128000815,
                3.53604186437829,
                4.330545057869053,
                -5.412508534887592,
                -2.849163123280633,
                -1.2619622968515236,
                0.25136977794063153,
                2.4014618655603606,
                -7.274632484082726,
                -0.0047172840449209,
                -1.6045277658220907,
                -2.118167974023418,
                0.4011297201531106,
                -0.1279853401346459,
                2.5940209414444304
            ],
            [
                -4.135604737523024,
                0.7074803700539976,
                -4.721228165098132,
                1.9312595854232781,
                -0.953824270789626,
                1.7317578935639049,
                -2.074681179308642,
                0.3355371620083036,
                -1.1219320824410162,
                0.1505344659807202,
                0.0028893653888606746,
                4.316037556997542,
                -5.1884800096473365,
                -4.921405813286837,
                6.710967345273592,
                4.498370160925441
            ]
        ]
    },
    "1": {
        "biases": [
            [
                1.1813527125568337,
                2.756385714737841,
                0.21120260692640622,
                -3.5319036956124434,
                -2.118552946670623,
                -9.000242605464036,
                5.267899250763528,
                2.7457376626013583
            ]
        ],
        "weights": [
            [
                1.2592644839629816,
                0.7695988741714482,
                -0.22512436838989616,
                -0.45331009371268577,
                1.2332934022472928,
                0.3176990708339726,
                -1.8965772569133754,
                -1.2014051632119727
            ],
            [
                0.38383751758820867,
                -0.31809389276163835,
                1.2285298246898944,
                1.555628094852826,
                -1.1630826255932527,
                1.2316509751224283,
                -1.846442153236087,
                -1.7965103722567795
            ],
            [
                -1.4291778281201073,
                -3.9819860722413765,
                -0.23953464577291275,
                -0.26044368505310606,
                0.11542709539290874,
                1.5927317435923651,
                0.5860348393310914,
                -0.550401412797745
            ],
            [
                -1.1749288348886715,
                -3.6408142199697715,
                -0.20941236917456493,
                0.5237319426932472,
                -0.4918176194341952,
                2.444920692132325,
                0.21979498648845194,
                -0.4874989467910804
            ],
            [
                -2.5150913035456623,
                -2.3420168972596085,
                -1.1114718295730697,
                0.6896495527135267,
                -0.3600023899018858,
                -0.28722199201207615,
                -0.8197251917243983,
                -1.0782757258752744
            ],
            [
                0.07873220545502603,
                0.10179992973944099,
                -0.08368987052011369,
                0.1616752190428251,
                2.2949516137777253,
                1.80848860716151,
                -0.5841278760541102,
                0.11381909534199429
            ],
            [
                0.9257896788053852,
                0.9941202879864381,
                0.2662470453295079,
                -0.34498558354839204,
                0.6416655922654958,
                0.3449415929155649,
                -0.4041021253670333,
                -1.154626466962853
            ],
            [
                -0.1169499944863743,
                -0.024491119930891616,
                0.3078552045315297,
                0.053803988007214,
                0.07176112198445152,
                0.28331172109217684,
                -0.12177451995822731,
                -0.05829858232128206
            ],
            [
                -0.4334626861414303,
                -1.8423789435573514,
                -0.31695264916881544,
                -0.02156952677572917,
                0.2805676026723102,
                1.4095971203797577,
                0.19144136643946297,
                0.6206969841766273
            ],
            [
                -0.6336242727688499,
                1.0747172489397812,
                -0.6061750799679096,
                -0.3040836382628193,
                1.6662644286229658,
                2.2147127476989668,
                -1.7438805348782727,
                -2.087154464845465
            ],
            [
                0.09286160609111198,
                -0.08259268147604527,
                0.08142996890256961,
                0.04122219848598941,
                -0.06600364272724653,
                -0.11061424747139174,
                0.009466177467773762,
                -0.003964171667406379
            ],
            [
                -0.9264023260763504,
                -3.398931001190054,
                -0.42595400389978905,
                0.3907366051074722,
                0.1153817347690049,
                -0.1364003703348459,
                -0.7477101435731259,
                -0.42058975494007256
            ],
            [
                0.6868249530680456,
                0.5526177892905549,
                0.14752399162419397,
                0.060780428720533484,
                0.6593594120690461,
                1.699395580153742,
                -2.637178842959658,
                2.5530321077075686
            ],
            [
                -0.6963948797509194,
                -2.4374364362854513,
                -0.3929461761142275,
                -0.2321115795957232,
                -0.023535138715583978,
                2.153881605989984,
                0.009956651606079094,
                0.07231041724642015
            ],
            [
                -0.546923168518042,
                -0.68888587284623,
                0.40078567315591207,
                1.4256689570096488,
                0.8049911299717856,
                1.1068841869703934,
                -1.2413247068720146,
                -2.6090957688716996
            ],
            [
                -0.46303471023751164,
                -0.4911639714145256,
                0.8563772809001662,
                1.2218638031409863,
                0.16626669649629272,
                -0.6026256396524382,
                -0.40633693046547004,
                -2.707522234453747
            ]
        ]
    },